Workbook

Sheet 요약
A1: AGC Simulation 테스트 요약
A2: 생성: 2026-10-19 | 출처: dotnet test (MSTest) 결과 TRX | 갱신: python tools/make_test_report.py
A3: 실행 시점 결과: 전체 300개 중 통과 300개, 실패/건너뜀 0개 (아래 수치는 수식이며 Excel에서 열 때 계산된다)
A4: 전체 테스트 수 | B4: =COUNTA('전체 테스트 결과'!$E$2:$E$301)
A5: 통과 | B5: =COUNTIF('전체 테스트 결과'!$G$2:$G$301,"통과")
A6: 실패 | B6: =COUNTIF('전체 테스트 결과'!$G$2:$G$301,"실패")
A7: 통과율 | B7: =IF(B4=0,0,B5/B4)
A8: UI 시나리오 수 | B8: =COUNTA('UI 시나리오'!$A$2:$A$132)
A9: UI 시나리오 통과 | B9: =COUNTIF('UI 시나리오'!$I$2:$I$132,"통과")
A11: 영역 | B11: 기능 | C11: 테스트 수 | D11: 통과 | E11: 실패
A12: 단위/연동 | B12: 로깅 | C12: =COUNTIFS('전체 테스트 결과'!$C$2:$C$301,$B12) | D12: =COUNTIFS('전체 테스트 결과'!$C$2:$C$301,$B12,'전체 테스트 결과'!$G$2:$G$301,"통과") | E12: =COUNTIFS('전체 테스트 결과'!$C$2:$C$301,$B12,'전체 테스트 결과'!$G$2:$G$301,"실패")
A13: 단위/연동 | B13: DSKY Noun 표시 형식 | C13: =COUNTIFS('전체 테스트 결과'!$C$2:$C$301,$B13) | D13: =COUNTIFS('전체 테스트 결과'!$C$2:$C$301,$B13,'전체 테스트 결과'!$G$2:$G$301,"통과") | E13: =COUNTIFS('전체 테스트 결과'!$C$2:$C$301,$B13,'전체 테스트 결과'!$G$2:$G$301,"실패")
A14: 단위/연동 | B14: DSKY 키 입력 상태기계 | C14: =COUNTIFS('전체 테스트 결과'!$C$2:$C$301,$B14) | D14: =COUNTIFS('전체 테스트 결과'!$C$2:$C$301,$B14,'전체 테스트 결과'!$G$2:$G$301,"통과") | E14: =COUNTIFS('전체 테스트 결과'!$C$2:$C$301,$B14,'전체 테스트 결과'!$G$2:$G$301,"실패")
A15: 단위/연동 | B15: DSKY 명령 실행 | C15: =COUNTIFS('전체 테스트 결과'!$C$2:$C$301,$B15) | D15: =COUNTIFS('전체 테스트 결과'!$C$2:$C$301,$B15,'전체 테스트 결과'!$G$2:$G$301,"통과") | E15: =COUNTIFS('전체 테스트 결과'!$C$2:$C$301,$B15,'전체 테스트 결과'!$G$2:$G$301,"실패")
A16: 단위/연동 | B16: DSKY 데이터 로드(V21~V25) | C16: =COUNTIFS('전체 테스트 결과'!$C$2:$C$301,$B16) | D16: =COUNTIFS('전체 테스트 결과'!$C$2:$C$301,$B16,'전체 테스트 결과'!$G$2:$G$301,"통과") | E16: =COUNTIFS('전체 테스트 결과'!$C$2:$C$301,$B16,'전체 테스트 결과'!$G$2:$G$301,"실패")
A17: 단위/연동 | B17: V37 · 표시 요청 · KEY REL | C17: =COUNTIFS('전체 테스트 결과'!$C$2:$C$301,$B17) | D17: =COUNTIFS('전체 테스트 결과'!$C$2:$C$301,$B17,'전체 테스트 결과'!$G$2:$G$301,"통과") | E17: =COUNTIFS('전체 테스트 결과'!$C$2:$C$301,$B17,'전체 테스트 결과'!$G$2:$G$301,"실패")
A18: 단위/연동 | B18: 미션 타임라인 | C18: =COUNTIFS('전체 테스트 결과'!$C$2:$C$301,$B18) | D18: =COUNTIFS('전체 테스트 결과'!$C$2:$C$301,$B18,'전체 테스트 결과'!$G$2:$G$301,"통과") | E18: =COUNTIFS('전체 테스트 결과'!$C$2:$C$301,$B18,'전체 테스트 결과'!$G$2:$G$301,"실패")
A19: 단위/연동 | B19: Apollo 11 데이터 | C19: =COUNTIFS('전체 테스트 결과'!$C$2:$C$301,$B19) | D19: =COUNTIFS('전체 테스트 결과'!$C$2:$C$301,$B19,'전체 테스트 결과'!$G$2:$G$301,"통과") | E19: =COUNTIFS('전체 테스트 결과'!$C$2:$C$301,$B19,'전체 테스트 결과'!$G$2:$G$301,"실패")
A20: 단위/연동 | B20: 미션 시뮬레이터 | C20: =COUNTIFS('전체 테스트 결과'!$C$2:$C$301,$B20) | D20: =COUNTIFS('전체 테스트 결과'!$C$2:$C$301,$B20,'전체 테스트 결과'!$G$2:$G$301,"통과") | E20: =COUNTIFS('전체 테스트 결과'!$C$2:$C$301,$B20,'전체 테스트 결과'!$G$2:$G$301,"실패")
A21: 단위/연동 | B21: 미션↔DSKY 연동 | C21: =COUNTIFS('전체 테스트 결과'!$C$2:$C$301,$B21) | D21: =COUNTIFS('전체 테스트 결과'!$C$2:$C$301,$B21,'전체 테스트 결과'!$G$2:$G$301,"통과") | E21: =COUNTIFS('전체 테스트 결과'!$C$2:$C$301,$B21,'전체 테스트 결과'!$G$2:$G$301,"실패")
A22: 단위/연동 | B22: 미션↔DSKY 연결(자동 표시) | C22: =COUNTIFS('전체 테스트 결과'!$C$2:$C$301,$B22) | D22: =COUNTIFS('전체 테스트 결과'!$C$2:$C$301,$B22,'전체 테스트 결과'!$G$2:$G$301,"통과") | E22: =COUNTIFS('전체 테스트 결과'!$C$2:$C$301,$B22,'전체 테스트 결과'!$G$2:$G$301,"실패")
A23: UI | B23: DSKY 화면 컨트롤 | C23: =COUNTIFS('전체 테스트 결과'!$C$2:$C$301,$B23) | D23: =COUNTIFS('전체 테스트 결과'!$C$2:$C$301,$B23,'전체 테스트 결과'!$G$2:$G$301,"통과") | E23: =COUNTIFS('전체 테스트 결과'!$C$2:$C$301,$B23,'전체 테스트 결과'!$G$2:$G$301,"실패")
... A35: 단위/연동 | B35: DSKY 키 표기 | C35: =COUNTIFS('전체 테스트 결과'!$C$2:$C$301,$B35) | D35: =COUNTIFS('전체 테스트 결과'!$C$2:$C$301,$B35,'전체 테스트 결과'!$G$2:$G$301,"통과") | E35: =COUNTIFS('전체 테스트 결과'!$C$2:$C$301,$B35,'전체 테스트 결과'!$G$2:$G$301,"실패")
A36: 합계 | C36: =SUM(C12:C35) | D36: =SUM(D12:D35) | E36: =SUM(E12:E35)
A38: 시트 안내
A39: · UI 시나리오: 기능별 UI 테스트 시나리오(사전조건·절차·기대결과)와 자동화 테스트 매핑, 최신 실행 결과(수식)
A40: · 전체 테스트 결과: 모든 자동 테스트(단위/연동/UI)의 실행 결과
A41: · 발견된 결함: 테스트로 발견해 수정한 문제와 원인/조치
A42: 분류: 단일(한 기능) / 복합(여러 기능을 엮은 흐름) / 실제 창(창을 띄우거나 프로세스로 실행) / 매핑표(변환 규칙)
A43: 시나리오 ID 접두사: K 키보드, D DSKY 조작, S 미션 컨트롤, C 복합, R 실제 창, P DSKY 화면 컨트롤, W 메인 창, V 우주선 전환(CM/LM), G 천체·장면 렌더링, U 단계 가이드 패널
A44: 참고: 수식 값은 Excel에서 파일을 열 때 계산된다. 시나리오를 추가하면 tools/test_scenario_catalog.py에 항목을 더하고 위 명령으로 다시 만든다.

Sheet UI 시나리오
A1: 시나리오 ID | B1: 분류 | C1: 기능 | D1: 시나리오 | E1: 사전조건 | F1: 절차 | G1: 기대결과 | H1: 자동화 테스트 | I1: 결과 | J1: 실행 시점 결과
A2: UI-K01 | B2: 매핑표 | C2: 키보드 입력 | D2: 상단 숫자 키 0~9 매핑 | E2: - | F2: D0~D9 키를 변환한다 | G2: 각각 DSKY 숫자 키 0~9 | H2: KeyboardMappingTests.TopRowDigits_MapToDigitKeys | I2: =IFERROR(INDEX('전체 테스트 결과'!$G$2:$G$301,MATCH($A2,'전체 테스트 결과'!$F$2:$F$301,0)),"미구현") | J2: 통과
A3: UI-K02 | B3: 매핑표 | C3: 키보드 입력 | D3: 넘패드 숫자 키 0~9 매핑 | E3: - | F3: NumPad0~9 키를 변환한다 | G3: 각각 DSKY 숫자 키 0~9 | H3: KeyboardMappingTests.NumpadDigits_MapToDigitKeys | I3: =IFERROR(INDEX('전체 테스트 결과'!$G$2:$G$301,MATCH($A3,'전체 테스트 결과'!$F$2:$F$301,0)),"미구현") | J3: 통과
A4: UI-K03 | B4: 매핑표 | C4: 키보드 입력 | D4: Shift+숫자는 무시 | E4: - | F4: Shift를 누른 채 D0~D9를 변환한다 | G4: 모두 매핑 없음(기호 입력이므로) | H4: KeyboardMappingTests.ShiftedTopRowDigits_AreIgnored | I4: =IFERROR(INDEX('전체 테스트 결과'!$G$2:$G$301,MATCH($A4,'전체 테스트 결과'!$F$2:$F$301,0)),"미구현") | J4: 통과
A5: UI-K04 | B5: 매핑표 | C5: 키보드 입력 | D5: + 키 매핑 | E5: - | F5: 넘패드 +, Shift+'=', 그냥 '='를 변환한다 | G5: 앞의 둘은 + 키, 그냥 '='는 매핑 없음 | H5: KeyboardMappingTests.PlusKeys_NumpadAddAndShiftEquals | I5: =IFERROR(INDEX('전체 테스트 결과'!$G$2:$G$301,MATCH($A5,'전체 테스트 결과'!$F$2:$F$301,0)),"미구현") | J5: 통과
A6: UI-K05 | B6: 매핑표 | C6: 키보드 입력 | D6: − 키 매핑 | E6: - | F6: 넘패드 −, '-'를 변환한다 | G6: 둘 다 − 키 | H6: KeyboardMappingTests.MinusKeys_NumpadSubtractAndHyphen | I6: =IFERROR(INDEX('전체 테스트 결과'!$G$2:$G$301,MATCH($A6,'전체 테스트 결과'!$F$2:$F$301,0)),"미구현") | J6: 통과
A7: UI-K06 | B7: 매핑표 | C7: 키보드 입력 | D7: V/N/Enter/C/Backspace/R/K/P 매핑 | E7: - | F7: 각 키를 변환한다 | G7: VERB/NOUN/ENTR/CLR/CLR/RSET/KEY REL/PRO | H7: KeyboardMappingTests.LetterAndControlKeys_MapToInstructionKeys | I7: =IFERROR(INDEX('전체 테스트 결과'!$G$2:$G$301,MATCH($A7,'전체 테스트 결과'!$F$2:$F$301,0)),"미구현") | J7: 통과
A8: UI-K07 | B8: 매핑표 | C8: 키보드 입력 | D8: Ctrl/Alt 조합은 무시 | E8: - | F8: Ctrl+C, Ctrl+V, Alt+N 등을 변환한다 | G8: 단축키와 충돌하지 않도록 모두 매핑 없음 | H8: KeyboardMappingTests.CtrlOrAltCombinations_AreIgnored | I8: =IFERROR(INDEX('전체 테스트 결과'!$G$2:$G$301,MATCH($A8,'전체 테스트 결과'!$F$2:$F$301,0)),"미구현") | J8: 통과
A9: UI-K08 | B9: 매핑표 | C9: 키보드 입력 | D9: 매핑 없는 키 | E9: - | F9: A, Z, Space, Tab, ←, F5, Esc, Delete, D를 변환한다 | G9: 모두 매핑 없음 | H9: KeyboardMappingTests.UnmappedKeys_ReturnNull | I9: =IFERROR(INDEX('전체 테스트 결과'!$G$2:$G$301,MATCH($A9,'전체 테스트 결과'!$F$2:$F$301,0)),"미구현") | J9: 통과
A10: UI-K09 | B10: 매핑표 | C10: 키보드 입력 | D10: DSKY 키 19개 전부 PC 키로 도달 가능 | E10: - | F10: 모든 PC 키를 변환해 나온 DSKY 키 집합을 모은다 | G10: 19개 DSKY 키 전체가 포함 | H10: KeyboardMappingTests.EveryDskyKey_IsReachableFromSomePcKey | I10: =IFERROR(INDEX('전체 테스트 결과'!$G$2:$G$301,MATCH($A10,'전체 테스트 결과'!$F$2:$F$301,0)),"미구현") | J10: 통과
A11: UI-K10 | B11: 단일 | C11: 키보드 입력 | D11: 키보드로 V35E 램프 테스트 | E11: 창 생성(발사 시점=사령선) | F11: V, 3, 5, Enter 키를 차례로 누른다 | G11: 모든 키가 처리됨, 사령선 램프 11개 점등(ALT/VEL 없음), VERB 88, R1 +88888 | H11: KeyboardMappingTests.KeyboardSequence_V35E_RunsLampTestInTheWindow | I11: =IFERROR(INDEX('전체 테스트 결과'!$G$2:$G$301,MATCH($A11,'전체 테스트 결과'!$F$2:$F$301,0)),"미구현") | J11: 통과
A12: UI-K11 | B12: 단일 | C12: 키보드 입력 | D12: 넘패드/부호 키로 데이터 로드 입력 | E12: 창 생성 | F12: V25 N36 Enter 후 + 0 0 입력, 이어서 − 키 | G12: R1에 '+00' 표시, 숫자 중간의 부호는 OPR ERR | H12: KeyboardMappingTests.KeyboardNumpadAndSigns_LoadAClockValue | I12: =IFERROR(INDEX('전체 테스트 결과'!$G$2:$G$301,MATCH($A12,'전체 테스트 결과'!$F$2:$F$301,0)),"미구현") | J12: 통과
A13: UI-K12 | B13: 실제 창 | C13: 키보드 입력 | D13: 실제 KeyDown 이벤트 라우팅 | E13: 창 생성, HwndSource 준비 | F13: V 키의 PreviewKeyDown 이벤트를 창에 보낸다 | G13: 이벤트가 처리됨(Handled)으로 표시되고 VERB 창이 비워진다 | H13: KeyboardMappingTests.RealKeyDownEvent_IsRoutedAndMarkedHandled | I13: =IFERROR(INDEX('전체 테스트 결과'!$G$2:$G$301,MATCH($A13,'전체 테스트 결과'!$F$2:$F$301,0)),"미구현") | J13: 통과
... A132: UI-W03 | B132: 단일 | C132: 메인 창 | D132: 같은 단계를 다시 골라도 이동 | E132: 창 생성 | F132: PDI 선택 → 슬라이더 0 → PDI 다시 선택 | G132: MET 102:33:05로 이동 | H132: MainWindowUiTests.PhaseBox_SelectingTheSamePhaseAgainStillJumps | I132: =IFERROR(INDEX('전체 테스트 결과'!$G$2:$G$301,MATCH($A132,'전체 테스트 결과'!$F$2:$F$301,0)),"미구현") | J132: 통과

Sheet 전체 테스트 결과
A1: No | B1: 영역 | C1: 기능 | D1: 테스트 클래스 | E1: 테스트 메서드 | F1: 시나리오 ID | G1: 결과 | H1: 시간(ms)
A2: 1 | B2: 단위/연동 | C2: 로깅 | D2: AsyncFileLoggerTests | E2: Dispose_FlushesQueuedLinesWithLevelAndMessage | G2: 통과 | H2: 12.9
A3: 2 | B3: 단위/연동 | C3: 로깅 | D3: AsyncFileLoggerTests | E3: Logging_AfterDispose_DoesNotThrow | G3: 통과 | H3: 5.6
A4: 3 | B4: 단위/연동 | C4: 로깅 | D4: AsyncFileLoggerTests | E4: Logging_FromManyThreads_KeepsEveryLine | G4: 통과 | H4: 12.7
A5: 4 | B5: 단위/연동 | C5: 로깅 | D5: AsyncFileLoggerTests | E5: NullLog_AcceptsMessagesSilently | G5: 통과 | H5: 2.4
A6: 5 | B6: 단위/연동 | C6: DSKY Noun 표시 형식 | D6: DskyNounFormatTests | E6: ClockAndPositionNouns_AreTheSameOnBothVehicles | G6: 통과 | H6: 0.3
A7: 6 | B7: 단위/연동 | C7: DSKY Noun 표시 형식 | D7: DskyNounFormatTests | E7: FormatMinSec_UsesMinutesBlankSeconds | G7: 통과 | H7: 0.2
A8: 7 | B8: 단위/연동 | C8: DSKY Noun 표시 형식 | D8: DskyNounFormatTests | E8: FormatOctal_HasBlankSignSlot | G8: 통과 | H8: 0.2
A9: 8 | B9: 단위/연동 | C9: DSKY Noun 표시 형식 | D9: DskyNounFormatTests | E9: Format_DecimalAlwaysHasSign | G9: 통과 | H9: 0.2
A10: 9 | B10: 단위/연동 | C10: DSKY Noun 표시 형식 | D10: DskyNounFormatTests | E10: Format_Overflow_ClampsTo99999 | G10: 통과 | H10: 0.2
A11: 10 | B11: 단위/연동 | C11: DSKY Noun 표시 형식 | D11: DskyNounFormatTests | E11: Format_RoundsHalfAwayFromZero | G11: 통과 | H11: 0.2
A12: 11 | B12: 단위/연동 | C12: DSKY Noun 표시 형식 | D12: DskyNounFormatTests | E12: IsTelemetryNoun_CommandModuleSupportsClockPositionAndVelocityOnly | G12: 통과 | H12: 0.4
A13: 12 | B13: 단위/연동 | C13: DSKY Noun 표시 형식 | D13: DskyNounFormatTests | E13: IsTelemetryNoun_LunarModuleSupportsClockPositionVelocityDescentAndRange | G13: 통과 | H13: 0.4
... A158: 157 | B158: 단위/연동 | C158: 미션↔DSKY 연결(자동 표시) | D158: AgcMissionLinkTests | E158: SeekToPowerDescent_ShowsN63MonitorOnTheLunarModuleDsky | G158: 통과 | H158: 1.1
A159: 158 | B159: UI | C159: DSKY 화면 컨트롤 | D159: DskyPanelUiTests | E159: Flash_StopsAndStaysVisibleWhenFlashingEnds | F159: UI-P07 | G159: 통과 | H159: 5
A160: 159 | B160: UI | C160: DSKY 화면 컨트롤 | D160: DskyPanelUiTests | E160: Flash_VerbAndNounBlinkOnlyWhenDisplayRequestsIt | F160: UI-P06 | G160: 통과 | H160: 5.3
A161: 160 | B161: UI | C161: DSKY 화면 컨트롤 | D161: DskyPanelUiTests | E161: Layout_DisplayPanel_HasFiveLinesInRealOrder | F161: UI-P09 | G161: 통과 | H161: 5.3
A162: 161 | B162: UI | C162: DSKY 화면 컨트롤 | D162: DskyPanelUiTests | E162: Layout_Keypad_HasNineteenKeysInSevenColumnsWithHalfRowOffsets | F162: UI-P10 | G162: 통과 | H162: 9
A163: 162 | B163: UI | C163: DSKY 화면 컨트롤 | D163: DskyPanelUiTests | E163: Layout_Keys_AreSquareWithinTheirCells | F163: UI-P11 | G163: 통과 | H163: 5.1
A164: 163 | B164: UI | C164: DSKY 화면 컨트롤 | D164: DskyPanelUiTests | E164: Layout_LampPanel_HasRealTwoByFourteenOrder | F164: UI-P08 | G164: 통과 | H164: 5.7
A165: 164 | B165: UI | C165: DSKY 화면 컨트롤 | D165: DskyPanelUiTests | E165: Panel_Display_UpdatesAllSegmentWindows | F165: UI-P04 | G165: 통과 | H165: 45.1
A166: 165 | B166: UI | C166: DSKY 화면 컨트롤 | D166: DskyPanelUiTests | E166: Panel_FullDisplay_LitSegmentsAppearOnlyWhereValuesAreShown | F166: UI-P14 | G166: 통과 | H166: 23.7
A167: 166 | B167: UI | C167: DSKY 화면 컨트롤 | D167: DskyPanelUiTests | E167: Panel_Keypad_ButtonsDoNotStealKeyboardFocus | F167: UI-P13 | G167: 통과 | H167: 4.9
A168: 167 | B168: UI | C168: DSKY 화면 컨트롤 | D168: DskyPanelUiTests | E168: Panel_Keypad_EveryButtonRaisesItsKey | F168: UI-P12 | G168: 통과 | H168: 6.8
A169: 168 | B169: UI | C169: DSKY 화면 컨트롤 | D169: DskyPanelUiTests | E169: Panel_Lamps_LitColorsFollowRealDsky | F169: UI-P05 | G169: 통과 | H169: 6.7
A170: 169 | B170: UI | C170: DSKY 화면 컨트롤 | D170: DskyPanelUiTests | E170: SegmentDisplay_BlankText_LightsNothing | F170: UI-P02 | G170: 통과 | H170: 1.9
... A289: 288 | B289: UI | C289: 단계 가이드 패널 | D289: GuidePanelUiTests | E289: RunButtons_ExistExactlyForRunnableSteps_AndOthersSayUnsupported | F289: UI-U03 | G289: 통과 | H289: 42.2
A290: 289 | B290: 단위/연동 | C290: 단계 가이드 데이터 | D290: PhaseGuideTests | E290: DskyKeys_UseOnlyTheKnownNotation_AndNonDskyStepsHaveNoKeys | G290: 통과 | H290: 4.5
A291: 290 | B291: 단위/연동 | C291: 단계 가이드 데이터 | D291: PhaseGuideTests | E291: EveryGuide_HasSummaryRoleStepsAndReference | G291: 통과 | H291: 4.7
A292: 291 | B292: 단위/연동 | C292: 단계 가이드 데이터 | D292: PhaseGuideTests | E292: EveryKeyframe_HasExactlyOneGuide_AndNoGuideIsOrphaned | G292: 통과 | H292: 4.6
A293: 292 | B293: 단위/연동 | C293: 단계 가이드 데이터 | D293: PhaseGuideTests | E293: EveryStep_ExplainsActionPurposeAndEffect | G293: 통과 | H293: 3.8
A294: 293 | B294: 단위/연동 | C294: 단계 가이드 데이터 | D294: PhaseGuideTests | E294: NonRunnableDskySteps_AreNotAlsoMarkedConfirmedWithoutASource | G294: 통과 | H294: 4
A295: 294 | B295: 단위/연동 | C295: 단계 가이드 데이터 | D295: PhaseGuideTests | E295: RunnableSteps_ExecuteWithoutOperatorErrorAtTheirPhase | G295: 통과 | H295: 4.9
A296: 295 | B296: 단위/연동 | C296: 단계 가이드 데이터 | D296: PhaseGuideTests | E296: SomeSteps_AreRunnable_AndPoweredDescentHasTheKeySequences | G296: 통과 | H296: 4.3
A297: 296 | B297: 단위/연동 | C297: DSKY 키 표기 | D297: DskyKeyNotationTests | E297: Describe_UsesTheKeypadLabels | G297: 통과 | H297: 4.2
A298: 297 | B298: 단위/연동 | C298: DSKY 키 표기 | D298: DskyKeyNotationTests | E298: IsValid_AcceptsNotationOnly | G298: 통과 | H298: 0.3
A299: 298 | B299: 단위/연동 | C299: DSKY 키 표기 | D299: DskyKeyNotationTests | E299: Parse_ConvertsEveryNotationCharacter | G299: 통과 | H299: 4.4
A300: 299 | B300: 단위/연동 | C300: DSKY 키 표기 | D300: DskyKeyNotationTests | E300: Parse_IgnoresSpaces_AndRejectsUnknownCharacters | G300: 통과 | H300: 3.9
A301: 300 | B301: 단위/연동 | C301: DSKY 키 표기 | D301: DskyKeyNotationTests | E301: ParsedKeys_DriveTheController_SameAsTypingThem | G301: 통과 | H301: 3.7

Sheet 발견된 결함
A1: 번호 | B1: 구분 | C1: 발견한 테스트/경로 | D1: 증상 | E1: 원인 | F1: 조치
A2: 1 | B2: 제품 | C2: UI-P (STA 다중 스레드) | D2: 정적 브러시를 다른 스레드에서 쓰면 예외 | E2: 공유 SolidColorBrush를 동결하지 않음 | F2: 정적/기본값 브러시를 Freeze
A3: 2 | B3: 제품 | C3: 렌더 PNG 육안 확인 | D3: 꺼진 + 세로 획이 모든 칸에 흐리게 겹쳐 보임 | E3: '+' 전용 획을 꺼진 상태로도 그림 | F3: 점등 시에만 그림
A4: 3 | B4: 테스트 | C4: UI 테스트 간헐 실패 | D4: XamlParseException(5회 중 1회) | E4: MSTest 메서드 병렬 실행 중 XAML 동시 로드 경합 | F4: UI 테스트 클래스를 [DoNotParallelize]
A5: 4 | B5: 제품 | C5: UI-P11 | D5: 키가 정사각형이 아님(70×59) | E5: 패널 높이 부족 | F5: 패널 높이 조정(610→640→646)
A6: 5 | B6: 제품 | C6: 코드리뷰 / V33·V34 테스트 | D6: 깜박이는 로드 중 V33E/V34E 응답 불가 | E6: VERB 키가 대기를 취소 | F6: VERB는 새 Verb 입력만 받고 ENTR 시 실행
A7: 6 | B7: 제품 | C7: 코드리뷰 | D7: V34가 V16 모니터를 끄지 않음 | E7: 모니터/표시 상태 미해제 | F7: V34가 모니터와 표시를 해제
A8: 7 | B8: 제품 | C8: 코드리뷰 | D8: 램프 테스트 중 입력이 숨은 상태를 남김(887) | E8: 테스트 중에도 키 처리 | F8: 램프 테스트 중 키 무시
A9: 8 | B9: 제품 | C9: 코드리뷰 / UI-C02 계열 | D9: 알람 핸들러가 갱신 전 MET를 봄 | E9: 이벤트를 상태 갱신 전에 발생 | F9: 상태 갱신 후 알림
A10: 9 | B10: 제품 | C10: UI-W02, UI-W03 | D10: 단계 목록이 현재 단계와 동기화되지 않음 | E10: SelectionChanged에만 의존 | F10: RefreshView에서 선택 동기화(재진입 방지)
A11: 10 | B11: 제품 | C11: UI-W01 | D11: 미션 끝에서 ▶가 동작하지 않음 | E11: 재생 직후 끝으로 다시 클램프 | F11: 끝에서는 처음부터 재생
A12: 11 | B12: 제품 | C12: 코드리뷰 | D12: 경도 보간이 날짜 변경선을 무시 | E12: 단순 선형 보간 | F12: 최단 경로 보간 + 정규화
A13: 12 | B13: 제품 | C13: UI-R04 | D13: 최소 크기(1100×700)에서 '단계 이동' 콤보가 창 밖으로 잘림 | E13: 고정 폭 260의 가로 StackPanel | F13: 남는 폭을 채우는 Grid 열로 변경
... A22: 22 | B22: 테스트 | C22: UI-G30 | D22: 재진입 시작의 플라스마 픽셀이 기대(400)보다 적음 | E22: 122km 재진입 시작은 원래 약한 가열 — 기대값이 비현실적 | F22: 최대 감속이 더 강하다는 의미로 단언 수정
A24: 구분: '제품'은 프로그램 결함, '테스트'는 테스트(하네스·기대값·시나리오) 결함이다.
